Model,Type,Accuracy (Noisy),Recall_Abnormal (Noisy)
CNN,DL,0.7584140156754264,0.6665074056378404
CNN-LSTM,DL,0.6134163208852006,0.20066889632107024
Random Forest,Classical,0.913324112494237,0.8356426182513139
SVM,Classical,0.48248040571692025,1.0
